"Path","Hash"
"packages/components-ui-pixi/.storybook/main.ts","B92A33617FE7A8B8C621589389B30AD9"
"packages/components-ui-pixi/.storybook/preview.ts","7C7C7850D4CF1CE1736F3666B2C68869"
"packages/components-ui-pixi/index.ts","ED86F15239F7A088607EAED3ED604B88"
"packages/components-ui-pixi/package.json","DDE84954A29D100EB5313EAC7B44037A"
"packages/components-ui-pixi/src/components/ButtonAutoSpin.svelte","4E2A2CC300FC0E10CF75749366B42D9C"
"packages/components-ui-pixi/src/components/ButtonBet.svelte","40C7618C1BE144828CAC0AC8E2965EDA"
"packages/components-ui-pixi/src/components/ButtonBetAutoSpinsCounter.svelte","FD1D0566D98D51AC7C3F180225BFAFE2"
"packages/components-ui-pixi/src/components/ButtonBetProvider.svelte","BE6856A29ABB397B99A0447C44495EAC"
"packages/components-ui-pixi/src/components/ButtonBuyBonus.svelte","3BE9CFC1F91B918CFB500A3CDE67B5C4"
"packages/components-ui-pixi/src/components/ButtonDecrease.svelte","054783016B5DA256DEB484F661774724"
"packages/components-ui-pixi/src/components/ButtonDrawer.svelte","531C23638521E332DBD6C0D60489E5AC"
"packages/components-ui-pixi/src/components/ButtonGameRules.svelte","DB7B02C798B21D6CC0367B0EF6560891"
"packages/components-ui-pixi/src/components/ButtonIncrease.svelte","1992DB7CC14BF3D903EDD3460DD7E7C4"
"packages/components-ui-pixi/src/components/ButtonMenu.svelte","119C56F53B952A66609AFDE2B0EA828E"
"packages/components-ui-pixi/src/components/ButtonMenuClose.svelte","46B4498DC516D853D71C5D640590AF5C"
"packages/components-ui-pixi/src/components/ButtonPayTable.svelte","961C500301A1A63A36BB801BD8E4C72B"
"packages/components-ui-pixi/src/components/ButtonSettings.svelte","2EC44B4AB9FD5EA53CA3586FBD3CD0BF"
"packages/components-ui-pixi/src/components/ButtonSoundSwitch.svelte","1C719E959A407A20DCB34E3DAD6CB206"
"packages/components-ui-pixi/src/components/ButtonTurbo.svelte","F1792B425390466D3B8F21014C7AC467"
"packages/components-ui-pixi/src/components/LabelBalance.svelte","4B3B4F035C6911C0F0C3E4DE5187B9FD"
"packages/components-ui-pixi/src/components/LabelBet.svelte","0AA8B7A1608A1FAE091CDC139DD1F133"
"packages/components-ui-pixi/src/components/LabelFreeSpinCounter.svelte","59BA16749995F302652569C8FB950BAC"
"packages/components-ui-pixi/src/components/LabelWin.svelte","BB8D62FA318ADD8E9906767541B64BA1"
"packages/components-ui-pixi/src/components/LayoutDesktop.svelte","10B635FCAF7895896316995D67F2EA99"
"packages/components-ui-pixi/src/components/LayoutLandscape.svelte","711C5E314CF4DEE2A066D7275808951A"
"packages/components-ui-pixi/src/components/LayoutPortrait.svelte","92FE4B80C5BE55B459F77C4AA5322B89"
"packages/components-ui-pixi/src/components/LayoutTablet.svelte","77F68C99BAD60E27555B9026AA2BD38A"
"packages/components-ui-pixi/src/components/UI.svelte","87F2F365C68B6CD28871FD817878B3E2"
"packages/components-ui-pixi/src/components/UIDefault.svelte","31E8516523B4F4CDDBBBDE4B28699F3D"
"packages/components-ui-pixi/src/components/UIReplay.svelte","07D95F6BFCF91D23B7DF51FACB0E94E6"
"packages/components-ui-pixi/src/components/UiButton.svelte","3088D3FA0DFFC237928E9927672423F9"
"packages/components-ui-pixi/src/components/UiDoublePress.svelte","486048BB8DE1BF10322A0E7AB8190712"
"packages/components-ui-pixi/src/components/UiFadeContainer.svelte","D9A968464D95A264C203F408B9986D5F"
"packages/components-ui-pixi/src/components/UiGameName.svelte","943C423D80EBEBEFCA48293840E9DE2C"
"packages/components-ui-pixi/src/components/UiLabel.svelte","D302545C661DA99FC38D3CE55B2545EA"
"packages/components-ui-pixi/src/components/UiSprite.svelte","535230B9B162590291E9BFDA1F5265D1"
"packages/components-ui-pixi/src/constants.ts","3FC59E5E410860CAB80CCC277B6C4280"
"packages/components-ui-pixi/src/context.ts","2132852F436EEB5C8960B6E5B1243065"
"packages/components-ui-pixi/src/i18n/i18nDerived.ts","B54E2059B5533AF792CD92241B6E6358"
"packages/components-ui-pixi/src/i18n/messagesMap/en.ts","917AA7E6FCB1B22122A17F72DC977EE4"
"packages/components-ui-pixi/src/i18n/messagesMap/index.ts","E2F34E1EC9599A408DA71E309F5FFF42"
"packages/components-ui-pixi/src/i18n/messagesMap/zh.ts","9D0296CB76145C52D9E3F97B7A4F0E5B"
"packages/components-ui-pixi/src/types.ts","8471DF3A37796EFA4759FBC64F07C6D2"
"packages/components-ui-pixi/svelte.config.js","AC161A3F170E35E4D0AEBF77EC5B9028"
"packages/components-ui-pixi/tsconfig.json","EB9CE7F383BDCA95F62B0AE8D076B8C1"
"packages/components-ui-pixi/vite.config.js","D48F6B9C060AB91FE4DF9C4C7D399164"
"apps/olympus/lingui.config.ts","8F953FDC314B251E397562D9841DBD44"
"apps/olympus/package.json","15F94DFABCA2946324EE3B4EEA7EC0F1"
"apps/olympus/src/components/AmbientLightning.svelte","4618E80A36C0E497C5C66A6EB6E099F3"
"apps/olympus/src/components/Background.svelte","8F6B6283EA6ABCA55B64A1F3B4A4E9EC"
"apps/olympus/src/components/Board.svelte","6F5719C178D00E2AA89B30A0E73A1706"
"apps/olympus/src/components/BoardBase.svelte","0CBA0159B50A636C55EA39AB57CFA768"
"apps/olympus/src/components/BoardContainer.svelte","1BB8A157E0A81EABB89B047A56CB8405"
"apps/olympus/src/components/BoardFrame.svelte","0078602CB7F585A56A3FC2C4B6FF248E"
"apps/olympus/src/components/BoardMask.svelte","D83516856FEA2248322C8F2CEF37AD0D"
"apps/olympus/src/components/BottomUiBackdrop.svelte","D1E0BE74EF93A0BC15A2B61C124FED07"
"apps/olympus/src/components/EnableGameActor.svelte","768D9EC1D86A61545A70B671905EEA35"
"apps/olympus/src/components/EnableSound.svelte","449306AD439DB3996DAA844932AE9682"
"apps/olympus/src/components/FreeSpinCounter.svelte","380ABA712499DACAA35964296BA02509"
"apps/olympus/src/components/FreeSpinIntro.svelte","7727A78A842BE0B649FE1D08FEFBB92C"
"apps/olympus/src/components/FreeSpinOutro.svelte","0DBC5CA51150FB641D270635116125C3"
"apps/olympus/src/components/Game.svelte","274DAC700DE1F4BB1F5416FBC6DD6415"
"apps/olympus/src/components/GlobalMultiplier.svelte","E2B780997F2C6907B4C87317D9F90002"
"apps/olympus/src/components/LightningCrackle.svelte","188AEAF0821805C00BA60377550D0F13"
"apps/olympus/src/components/LoadingScreen.svelte","6919F5558B9F4E701506C6E6D8AC3DF1"
"apps/olympus/src/components/MipmapEnabler.svelte","3D32FC0D11EF98CFEF517F6E1B711BA2"
"apps/olympus/src/components/ReelFramePanel.svelte","3A0E3C7B379A89E843E6B721059BC9EE"
"apps/olympus/src/components/ReelSymbol.svelte","9493F9424CE324B2F7723A15986C67A6"
"apps/olympus/src/components/ResumeBet.svelte","350669A3B4A739B5B379C029E459CEAB"
"apps/olympus/src/components/SideWarrior.svelte","1D05BFAB97CF68369874DE91EDA726E6"
"apps/olympus/src/components/SkyLightning.svelte","C27E824BDBB73BC28B01E7A3932C6EB7"
"apps/olympus/src/components/Sound.svelte","33DA9C4A1BD41A11B0D1728632C86B5E"
"apps/olympus/src/components/Symbol.svelte","EF0905434251D223E11FA098715284A0"
"apps/olympus/src/components/SymbolWrap.svelte","0EC4E6CD751BFD614604C6E6583E2BD9"
"apps/olympus/src/components/Transition.svelte","ED4E2555CD37B45E6CC62B3DE6599762"
"apps/olympus/src/components/TumbleBoard.svelte","2692F0E26524A8ABBEBBE37195124568"
"apps/olympus/src/components/TumbleBoardBase.svelte","9F6661FD1EA9F909725684C9580C0F22"
"apps/olympus/src/components/TumbleSymbol.svelte","6EF5EDA7DA97504BE001E1963E6A6848"
"apps/olympus/src/components/TumbleWinAmount.svelte","A16663ABAF365DCCD138718DCF827EC7"
"apps/olympus/src/components/VikingMusic.svelte","4B6A71568AC2FDA318BC15FB038C15E2"
"apps/olympus/src/components/Win.svelte","63C8F714A1FC25F6977D0697C9F4D6FD"
"apps/olympus/src/components/WinGlow.svelte","74EF5D5A674403BB2407E1D6BD0F0369"
"apps/olympus/src/components/WinSparks.svelte","279E1422ECBF40E0FC741AA5C18C1CE4"
"apps/olympus/src/game/actor.ts","DB2CFCA11C99D976BAA6610F9C741896"
"apps/olympus/src/game/assets.ts","8253C23AD8C3C1CF5247F782850B46EF"
"apps/olympus/src/game/bookEventHandlerMap.ts","8DEB63CD9EB00BC998AC7A20BC4D7B0E"
"apps/olympus/src/game/config.ts","94B90678FDF3CD2E3BAC3D0AC94A69D9"
"apps/olympus/src/game/constants.ts","3394FF03FAA381B84736B7068F04A5BC"
"apps/olympus/src/game/context.ts","EE3AB826706391AB0B7B4B1F81380850"
"apps/olympus/src/game/eventEmitter.ts","20BFDE1E1444B64A721D8FE90391EDF5"
"apps/olympus/src/game/sound.ts","23C9FCE262C4FB4C67958D0479B6E0D6"
"apps/olympus/src/game/stateApp.ts","98C9E3AF174DC542E8E63C373AEEAFA2"
"apps/olympus/src/game/stateGame.svelte.ts","93521EF4B510CCF8007C4D9A66B0F56A"
"apps/olympus/src/game/stateLayout.ts","C95A2277345FA48EA95049BFCB8A0680"
"apps/olympus/src/game/stateXstate.ts","C676C534E1943014117C1FC2A11E715B"
"apps/olympus/src/game/types.ts","610BCD1118CDE9C12899649F40B93A41"
"apps/olympus/src/game/typesBookEvent.ts","DAAD36374B294C1FA0BBA19E2E3DE9B2"
"apps/olympus/src/game/typesEmitterEvent.ts","3F895212F43CA99B2E399FEA9C689884"
"apps/olympus/src/game/utils.ts","4A05590B6B7B46D71DDD157D3399CFE8"
"apps/olympus/src/game/winLevelMap.ts","C23BEF795E6A33A47B382CEC4FBFD0A2"
"apps/olympus/src/hooks.server.ts","9F6B8A544115E9CC305C93A51CF4BFC7"
"apps/olympus/src/i18n/i18nDerived.ts","4B21A65EA25A95552246934C3D997909"
"apps/olympus/src/i18n/messagesMap/en.ts","BAE5394F973ED181D32EC23BECFAA5B1"
"apps/olympus/src/i18n/messagesMap/index.ts","7C1DB9340881D233880212C7EC151619"
"apps/olympus/src/i18n/messagesMap/zh.ts","4FA4EE831C380EF7D7766A99834862C1"
"apps/olympus/src/routes/+layout.svelte","7F91FF1D4B4BDA7851A5640EA59A13EF"
"apps/olympus/src/routes/+layout.ts","FA062FF6E73995591261C55757E3E1FE"
"apps/olympus/src/routes/+page.svelte","D41D8CD98F00B204E9800998ECF8427E"
"apps/olympus/static/assets/audio/sounds.json","65F72F32917F9B3F6F44B773344F0D26"
"apps/olympus/static/assets/fonts/goldBlur/index.ts","53BA17C2186E221E3C09C68851134465"
"apps/olympus/static/assets/fonts/goldBlur/miningfont_gold_blur.json","CE280E36FFC4DB643D3B741E13D8EF38"
"apps/olympus/static/assets/fonts/goldFont/index.ts","6838FBD3D0EFA9661109AB92A194207A"
"apps/olympus/static/assets/fonts/goldFont/mm_gold.json","FCDF3B93C132BB44904A47A806BF53EF"
"apps/olympus/static/assets/fonts/purpleFont/index.ts","D38ACD044EE8CDF45A4ED0DD892FEAB1"
"apps/olympus/static/assets/fonts/purpleFont/mm_purple.json","00F9E63FFA78D580A0904DA062C38CAD"
"apps/olympus/static/assets/fonts/silverFont/index.ts","BB8FD13103139772CD8D509031482521"
"apps/olympus/static/assets/fonts/silverFont/mm_silver.json","ACC660D7D2D540D87F2D87F480524B2C"
"apps/olympus/static/assets/spines/anticipation/anticipation.json","D16C92A94EF846724AE2E69C87A3D50C"
"apps/olympus/static/assets/spines/anticipation/index.ts","9AB9F63AD3AA3224FF983487C89CC2DB"
"apps/olympus/static/assets/spines/bigwin/index.ts","273D7ADCD57D55D6C0144136D82AD2CF"
"apps/olympus/static/assets/spines/bigwin/mm_bigwin.json","86CF37945FA9644510FEDFBE6F2EFC83"
"apps/olympus/static/assets/spines/bonusButton/2.0/buy_button.json","7F008A15A615111B126A8C1315A67EFD"
"apps/olympus/static/assets/spines/bonusButton/buy_button.json","38B715A8B417DD1D5B7711EEFC3C60D8"
"apps/olympus/static/assets/spines/bonusButton/index.ts","71F19872028EF4AE4A8F1134D289E39F"
"apps/olympus/static/assets/spines/clusterWin/clusterpay.json","A004458B67A48E4583C56ABD403EDFF4"
"apps/olympus/static/assets/spines/clusterWin/index.ts","65911B867E75CB10FE6A71FF8FB3A743"
"apps/olympus/static/assets/spines/foregroundAnimation/index.ts","F8A01AA73D3B63FB00BFBD9730809DB1"
"apps/olympus/static/assets/spines/foregroundAnimation/mm_bg.json","C6ED599A48B3C693D5FA5C1E6084674E"
"apps/olympus/static/assets/spines/foregroundFeatureAnimation/index.ts","88A7C9D08FE74B299969923F70C8E30F"
"apps/olympus/static/assets/spines/foregroundFeatureAnimation/mm_bg_feature.json","96F96F301D5DA9AC7EB3178D49C18499"
"apps/olympus/static/assets/spines/fsIntro/fs_screen.json","23A74C61410EAEA8A9300DC627347B6C"
"apps/olympus/static/assets/spines/fsIntro/fs_screen_number.json","A1699133DBAD02827712264761A3E775"
"apps/olympus/static/assets/spines/fsIntro/fs_total_number.json","F39421F6929D3AD548739FC0C248F0B1"
"apps/olympus/static/assets/spines/fsIntro/index.ts","4529854805F8828258E70BCAF983F6F6"
"apps/olympus/static/assets/spines/globalMultiplier/index.ts","4057E441F573A7C79D723BB76C5396D6"
"apps/olympus/static/assets/spines/globalMultiplier/multiframe.json","45C0FE6A1D1D5FB319156B55A770C8D5"
"apps/olympus/static/assets/spines/loader/index.ts","C4115F3856D9A9D794F9A9A6254C3BA4"
"apps/olympus/static/assets/spines/loader/loader.json","AC65ACF81BF58517661FF140390B2A15"
"apps/olympus/static/assets/spines/reelhouse/index.ts","16BB623E4046B897A2B32551C3B8FEB0"
"apps/olympus/static/assets/spines/reelhouse/reelhouse_glow.json","E116661C20CDF3F0520EE5509E69A5B1"
"apps/olympus/static/assets/spines/symbols/h1.json","D5CBF3D1E5A5FCBAB5260EED4BB46E16"
"apps/olympus/static/assets/spines/symbols/h2.json","5ECD268006F3E722BF13CD2ABEEC7464"
"apps/olympus/static/assets/spines/symbols/h3.json","04BB1B8945C19B546B9F8216FDE4E82E"
"apps/olympus/static/assets/spines/symbols/h4.json","5D0F71147DAD424CC4101EA17B52328C"
"apps/olympus/static/assets/spines/symbols/h5.json","CC1B05026BD3FE9C821D196B852315F3"
"apps/olympus/static/assets/spines/symbols/index.ts","F8EA81FDD8AA4F2EAF4FF4263E43FA5F"
"apps/olympus/static/assets/spines/symbols/l1.json","D6CC1FD646A17EA49383FBCF3879B264"
"apps/olympus/static/assets/spines/symbols/l2.json","550F6FCFD9E8184860289A4F4C91E9E3"
"apps/olympus/static/assets/spines/symbols/l3.json","9CFEFC6B5C5E819344CE512460A0137D"
"apps/olympus/static/assets/spines/symbols/l4.json","89B8AA481B182B9FD30B762EFEE82305"
"apps/olympus/static/assets/spines/symbols2/M.json","62A2E3854AAF3600ABF7DD4B9F0B25AA"
"apps/olympus/static/assets/spines/symbols2/S.json","DA810D979450F8DDB1299669E81FCF3A"
"apps/olympus/static/assets/spines/symbols2/index.ts","2346A6BC00AB0213EFF323C21C93CC22"
"apps/olympus/static/assets/spines/symbols3/W.json","3D1241F5D3EE23556DC14CE04F150A91"
"apps/olympus/static/assets/spines/symbols3/explosion.json","916E43CD73E27B31EADE57737B56FEC2"
"apps/olympus/static/assets/spines/symbols3/index.ts","D60331D5EE3D33C84516C633E0CE384A"
"apps/olympus/static/assets/spines/transition/index.ts","BA23165DE1D55533CA7886742FD3D6A7"
"apps/olympus/static/assets/spines/transition/transition.json","DABAFAF33C4F080FCC499D2486D27F64"
"apps/olympus/static/assets/spines/tumbleWin/index.ts","7E6442E3F6A191A0055F23BFCB0462F8"
"apps/olympus/static/assets/spines/tumbleWin/tumble_multiplier.json","58E33737127881963E8E536DD69DD053"
"apps/olympus/static/assets/spines/tumbleWin/tumble_win.json","A8673CB6EA9B147F082645F6A750BAF5"
"apps/olympus/static/assets/spines/winMeterExplosion/index.ts","EFCF2979353EF3A7E749C17B6EAB3985"
"apps/olympus/static/assets/spines/winMeterExplosion/ui_explosion.json","7A4B45D6A88448C7C9C1DA41DF45FC94"
"apps/olympus/static/assets/sprites/coin/SD2_Coin.json","9DCA11E61E6366265DD4C67A8E140653"
"apps/olympus/static/assets/sprites/freeSpins/freeSpins.json","F2EB017C70B7E15167B41F6D6D1778F4"
"apps/olympus/static/assets/sprites/freeSpins/index.ts","B3BF7462ECA5A6BE171DEB4B117B8AF5"
"apps/olympus/static/assets/sprites/payFrame/index.ts","B8B7452F48DAEFA3C882C6CE404A43D1"
"apps/olympus/static/assets/sprites/pressToContinueText/MM_pressanywhere.json","F1CE836DAD3B26B129A9463486FC66F1"
"apps/olympus/static/assets/sprites/pressToContinueText/index.ts","D5E924E2921A39E9486B3263A2366007"
"apps/olympus/static/assets/sprites/progressBar/index.ts","F65873BEB9C8A005A68D006F48800FA5"
"apps/olympus/static/assets/sprites/progressBar/progressBar.json","D7054933E8054D019D93A68B5118F513"
"apps/olympus/static/assets/sprites/reelsFrame/index.ts","6F47D7FC58B3380AE97BDF6FF438F27E"
"apps/olympus/static/assets/sprites/reelsFrame/reels_frame.json","9B6CCBBD2D13B1E7961CDDA8C210F4C6"
"apps/olympus/static/assets/sprites/symbolsStatic/index.ts","0B5FD74E4C44842B301D3DBC8C86FAF9"
"apps/olympus/static/assets/sprites/symbolsStatic/symbolsStatic.json","DD42957F3B80DA7BEA3367C4FE28D124"
"apps/olympus/static/assets/sprites/uiSlotsAssetsBespoke/index.ts","146D16D811115E5B0B8F231F8C1BB3E8"
"apps/olympus/static/assets/sprites/winSmall/MM_Localisation_winsmall.json","96BDE9A7D51074262911D9D6F3A54C5F"
"apps/olympus/static/assets/sprites/winSmall/index.ts","D9C590F4E2133FADD649CB3114821183"
"apps/olympus/svelte.config.js","7D95ACB58B45961A81608DA224B9BEEB"
"apps/olympus/tsconfig.json","B6E5CAAE7D456AB878B7F8D0F5863364"
"apps/olympus/vite.config.js","9BF7910941868B58D035D16A22254529"
